{
  "IcoMoonType": "selection",
  "icons": [
    {
      "icon": {
        "paths": [
          "M62.727 932.915h1374.88M62.727 499.684h1374.88M62.727 66.454h1374.88"
        ],
        "attrs": [
          {
            "fill": "none",
            "strokeLinejoin": "round",
            "strokeLinecap": "round",
            "strokeMiterlimit": "4",
            "strokeWidth": 139.63636363636363
          }
        ],
        "width": 1489,
        "isMulticolor": false,
        "isMulticolor2": false,
        "grid": 0,
        "tags": [
          "menu"
        ]
      },
      "attrs": [
        {
          "fill": "none",
          "strokeLinejoin": "round",
          "strokeLinecap": "round",
          "strokeMiterlimit": "4",
          "strokeWidth": 139.63636363636363
        }
      ],
      "properties": {
        "order": 93,
        "id": 0,
        "name": "menu",
        "prevSize": 32
      },
      "setIdx": 0,
      "setId": 5,
      "iconIdx": 0
    },
    {
      "icon": {
        "paths": [
          "M864.827 128.518c17.695-16.937 41.243-26.301 65.674-26.115 24.431 0.186 47.835 9.907 65.273 27.111 17.439 17.205 27.547 40.547 28.193 65.102 0.647 24.555-8.222 48.403-24.732 66.509l-501.206 630.201c-8.619 9.334-19.021 16.823-30.584 22.022-11.563 5.198-24.051 7.999-36.714 8.235-12.665 0.236-25.247-2.098-36.993-6.863-11.747-4.765-22.417-11.862-31.373-20.868l-332.379-334.171c-9.256-8.671-16.68-19.128-21.83-30.748-5.149-11.618-7.918-24.161-8.141-36.879s2.104-25.351 6.842-37.145c4.738-11.794 11.791-22.509 20.737-31.503 8.946-8.994 19.603-16.085 31.334-20.849s24.296-7.103 36.946-6.879c12.65 0.224 25.125 3.009 36.682 8.185 11.556 5.177 21.958 12.641 30.583 21.947l263.039 264.331 436.263-558.846c0.785-0.972 1.624-1.9 2.512-2.779h-0.125z"
        ],
        "attrs": [],
        "grid": 0,
        "tags": [
          "check"
        ]
      },
      "attrs": [],
      "properties": {
        "order": 92,
        "id": 4,
        "name": "check",
        "prevSize": 32
      },
      "setIdx": 1,
      "setId": 4,
      "iconIdx": 0
    }
  ],
  "height": 1024,
  "preferences": {
    "showGlyphs": true,
    "showQuickUse": true,
    "showQuickUse2": true,
    "showSVGs": true,
    "fontPref": {
      "prefix": "icon-",
      "metadata": {
        "fontFamily": "icomoon"
      },
      "metrics": {
        "emSize": 1024,
        "baseline": 6.25,
        "whitespace": 50
      },
      "embed": false
    },
    "imagePref": {
      "prefix": "icon-",
      "png": true,
      "useClassSelector": true,
      "color": 0,
      "bgColor": 16777215,
      "classSelector": ".icon",
      "name": "icomoon",
      "height": 32,
      "columns": 16,
      "margin": 16
    },
    "historySize": 50,
    "showCodes": true,
    "gridSize": 16
  }
}